question,answer
What are the three European wizarding schools that participate in the Triwizard Tournament?,"Hogwarts, Beauxbatons, and Durmstrang."
When was Hogwarts founded?,10th century
What is a Wronski Feint?,Pretending to dive for the Snitch
You wouldn't know anything about this. Name a method to make your broom go faster.,Using polish
Harry first took the Knight Bus in The Prisoner of Azkaban. How much does a ticket cost if it includes hot chocolate?,14 sickles.
What charm creates water?,Aguamenti
Which of these is an ingredient in Befuddlement Draughts?,Sneezewort
What magical creature runs guards wand wood trees?,Bowtruckles
Name all seven Weasley children.,"Bill, Charlie, Percy, Fred, George, Ron, and Ginny."
Why did student initially think Harry was the Heir of Slytherin?,He can speak Parseltongue
Vipera Evanesca is used to vaporize what kind of creature?,Snake
"When Riding Facing Backwards, how does steering work?",Turn to the opposite direction.
How old was Luna when she lost her mom?,Nine
Who or what determines the House for each first year student?,The Sorting Hat
What is the root language of any spells?,Latin
What did Regulus Black become after he died?,Inferi
Cedric Diggory let Harry use the prefect's bathroom in The Goblet of Fire. What man's statue is next to the special lavatory entrance?,Boris the Bewildered.
"Who is known as the ""Chosen One""?",Harry Potter
Who destroyed the Horcrux in Helga Hufflepuff's Cup?,Hermione Granger
What is Filch the Hogwarts caretaker's greatest secret?,He's a Squib.
What is the name of America's magical government?,MACUSA
What year was the first match?,1050 AD
What potion allows a witch or wizard to disguise themselves as someone else for a limited amount of time?,Polyjuice Potion.
What kind of core did Harry's first want possess?,Phoenix Feather
What did a Boggart reveal Seamus Finnigan's worst fear to be?,Banshee
What is Ron's middle name?,Bilius
Which dragon did Cedric Diggory face in the first task of the Triwizard Tournament?,Swedish Short-Snout
Where are flying lessons held?,Training Grounds
"""Lemon Drop"" is the password to whose office?",Dumbledore
A statue of what creature marks the entrance to the Headmaster's Office?,Gargoyle
Who has been to every Quidditch World Cup since they were born?,Merula
Who founded Hogsmeade Village?,Hengist of Woodcroft
Who was the first Quidditch referee to die in a Quidditch match?,Cyprian Youdle
Madam Hooch has distinct yellow what?,Eyes
What eavesdropping tool did Fred and George invent in Harry Potter and the Order of the Phoenix?,Extendable Ears
What does 'Meteolojinx Recanto' do?,Dispel weather charms
At what age can you earn your Apparition license?,17
What does the Vermillious spell make appear from the tip of one's wand?,Red Sparks
What is the name of the house-elf that belongs to the Malfoy family?,Dobby
What does 'Colloportus' do?,Lock and seal doors
How is Quodpot different from Quidditch?,The ball explodes
What is Professor Snape’s Patronus?,A doe (the same as Lily Potter’s—sob)
Where is Hogwarts located?,Scotland
Catching what object ends a Quidditch match?,Golden Snitch
What is the Chudley Cannons' team colour?,Orange
Who previously held Snape's post?,Horace Slughorn
What sensation accompanies the Sea Urchin Jinx?,Discomfort
How often does a Streeler's shell change colour?,Every Hour
Who becomes the Charms professor after Professor Flitwick?,Filius Flitwick remains the Charms professor throughout the series.
Who is the Hogwarts student who cursed herself to get rid of her acne?,Eloise Midgen
Who famously crafted wand cores from Jackalope antlers?,Isolt Sayre.
Which centaur rescues Harry in the Forbidden Forest in Book 1?,Firenze.
What is the core of Draco Malfoy's wand?,Unicorn hair
"In the book, which old friend do Harry, Ron and Hermione run into at St. Mungo’s Hospital for Magical Maladies and Injuries?",Gilderoy Lockhart
Which creature's hair is often woven into Invisibility Cloaks?,Demiguise
What painting guards the entrance to the Gryffindor common room?,The Fat Lady.
How did I become a metamorphagus?,You were born one.
What happened during the Quidditch World Cup of 1473?,Players committed all the fouls
What's Helga Hufflepuff's signature item?,Cup
From which word did the Mirror of Erised get its name?,Desire
What is the correct pronunciation of the Levitation Charm?,Win-GAR-dium Levi-OH-sa.
Where is the nearest dragon reserve?,Romania
Where did Dumbledore meet Tom Riddle for the first time?,Wool's Ophanage
What spell duplicates an item?,Geminio
Which of these is not a type of broom?,Phoenix
Where can dark cloud constellations be most easily seen?,The Southern Hemisphere.
What fake illness does Ron Weasley say he has to cover up his absence from Hogwarts?,Spattergroit
What is the name of the dragon that Harry Potter faces in the first task of the Triwizard Tournament?,Hungarian Horntail
Professor Snape is the head of which Hogwarts house?,Slytherin
Professor Sprout was the head of what department at Hogwarts?,Herbology
What magical creature is known for guarding Gringott's Bank?,Ukrainian Ironbelly (a dragon)
What magical sport is popular in North America?,Quodpot
Ginny Weasley bought a pet Pygmy Puff from her older brothers' joke shop. What did she name it?,Arnold
"Before Dumbledore, who was Headmaster of Hogwarts?",Armando Dippet
I'd be surprised if you knew this. what's the first step of flying on your broom?,Kicking off
What is the incantation for the Memory Charm?,Obliviate
In which scenario wiould you use a Deflating Drought?,Nulling Effects from a Swelling Solution
Who does Harry live with before going to Hogwarts?,"His aunt and uncle, Petunia and Vernon Dursley, and cousin Dudley."
"In the Order of Phoenix, who gives the flying lessons to Harry's group?",Rolanda Hooch
What is the name of Ron's brother who works at Gringotts?,Bill Weasley
Which of these charms is the dancing-feet jinx?,Tarantallegra
Phyllomancy is the practice of seeing the future with what?,Leaves
Who created the Sorcerer's Stone?,Nicolas Flamel
What magical bird did Uric have fifty of in his house?,Augureys
Which Quidditch team is last in the league?,Chudley Cannons
What does it mean when a magical creature is classified as XXX by the Ministry of Magic?,Competent Wizards Should Cope
What is the name of the black family's ancestral home in the Harry Potter series?,Grimmauld Place
Which of the following is caused by space weather?,Auroras.
What does the Ear-Shrivelling Curse cause?,Ears to wither
How many Horcruxes did Voldemort create intentionally?,Six
My voice is best compared to what?,A Vacuum Cleaner
When did Harry learn Accio?,Year 4
What type of magical creature is Dobby?,House-elf
Which is not the form of Transfiguration?,Enchantment
"During the Triwizard Tournament, who escorted Hermione to the Yule Ball?",Viktor Krum
Which of these is not a type of broom?,Occamy
What is the emblem of St. Mungo's Hospital for Magical Maladies and Injuries?,A wand cross with a bone
Which part of the asphodel plant is used in Draught of Living Death?,Root
What’s the best solution for a broken nose?,Episkey
What does Mimbulus Mimbletonia use as a defence mechanism?,Stinksap
How many Rogue Planets exist in the Milky Way?,Billions.
A Nimbus is a type of what?,Broom
What Quidditch players fend off the Bludgers?,The Beaters
Did Muggles use ancient runes as well?,They did.
Why did Liechtenstein not attend the first meeting of the International Confederation of Wizards?,Their Stance on Troll Rights
Which of the following was a reason why the 14th century witch burnings were pointless?,Flame-Freezing Charm
Where are Kappas most commonly found?,Japan
What is the name of the wizard village near Hogwarts?,Hogsmeade
The Deflating Drought is an antidote to which potion?,Swelling Solution
"What is the primary school attended by Harry Potter's son, Albus Severus Potter?",Hogwarts School of Witchcraft and Wizardry
The Medieval Assembly of European Wizards gives out which award?,Bravery Against Fantastic Beasts Award
A Firebolt is a type of what?,Broom
Who is the Gamekeeper of Hogwarts?,Rubeus Hagrid
What is the Name of America’s Magical Government?,MACUSA
"At the beginning of the story, where does Hedwig find Harry?",She is waiting in his room at the Leaky Cauldron. Clever owl!
How many classes did Hermione Granger take this year?,12!
What is Voldemort's mother's name?,Merope
Why would you need to switch brooms midair?,Broom failure
"What is the name of the werewolf who teaches Defense Against the Dark Arts in ""Harry Potter and the Prisoner of Azkaban""?",Remus Lupin
What does the term 'Muggle' refer to in Harry Potter?,A non-magical person
What type of Transfiguration turns a goldfinch into a Golden Snitch?,Transformation
Where does Valerian grow best?,In the sun
What's the tallest tower at Hogwarts?,The Astronomy Tower.
What is the name of the Wizard village near Hogwarts?,Hogsmeade
Which mischievous character from the books did not feature in the movies?,Peeves the Poltergeist
Which house does Harry Potter belong to?,Gryffindor
What is not an alternate name for Wolfsbane?,Belladonna
What is the opposite of conjuration?,Vanishment
"In Book 2, who is the first victim to be petrified by the basilisk?","Filch's cat, Mrs. Norris."
Who was the Minister of Magic during the First World War?,Archie Evermonde
Who is the author of 'Fantastic Beasts and Where to Find Them'?,Newt Scamander
Which charm freezes the target in place?,Immobulus
Who teaches Defense Against the Dark Arts during Harry's second year at Hogwarts?,Gilderoy Lockhart
Who discovered the law of elemental transfiguration?,Gamp
Who played Professor Dumbledore in the first movie?,Richard Harris
"On his first ride aboard the Hogwarts Express, whose card did Harry get with his chocolate frog?",Dumbledore
What is the antidote to Swelling Solution?,Deflating Draught
Which team is in last place?,Chudley Cannons
What are 'wildcats' referring to?,The Gargoyles on strike.
What type of ball attempts to hit players?,Bludger
What was the Hippogriff Buckbeak called when he returned to Hogwarts?,Witherwing
Who was the Rook in the Chessboard Chamber?,Hermione Granger
Which creatures feed on the human brain and helped Newt Scamander escape?,Swooping Evil
What house is Justin Finch-Fletchley in?,Hufflepuff
What book is instrumental for this lesson?,Charm Your Own Cheese.
Name a crushed ingredient that is used in cure for boils.,Snake fang
Where is the Slytherin Common Room?,The Dungeons
What spell did Snape invent that Harry later uses on Draco Malfoy?,Sectumsempra
What does Hermione smell in the amortenia (or love) potion?,"Grass, parchment, spearmint toothpaste and Ron Weasley’s hair"
The crop circles in Muggle legends might have been left by what magical creature?,Mooncalf
Who anonymously sends Harry his father's Invisibility Cloak on Christmas?,Albus Dumbledore
Where does Harry Potter first see Draco Malfoy?,In Madame Malkin’s Robes for All Occasions
When did the wildcat gargoyle strike the place?,1911
Who is the potions professor?,Professor Severus Snape
What magical creature is Ron deathly afraid of?,Spiders
What is Rowena Ravenclaw's signature item?,Diadem
Who teaches Care of Magical Creatures?,Silvanus Kettleburn
What's the first step to performing a Bell Tailslide?,Flying straight up.
What does Amortentia smell like?,It depends
Which of the following traits does the Occamy exhibit?,Choranaptyxis
What trait do I* value most in a student?,Intellect
Which famous Auror crashed Bill's party?,Alastor Moody.
What charm can repel a Lethifold?,Patronus Charm
What did Fred and George use to protest against Dolores Umbridge's authority?,Weasley's Wildfire Whiz-bangs
Which of these plants bloom instantly?,Puffapod
What is true about tortoises?,Some live over 200 years.
What does Hermione say Jupiter's largest moon is?,Ganymede
Which of the following is not a Horcrux?,Elder Wand
"In Book 5, Snape is assigned to teach Harry what type of magic?",Occlumency.
How is the Grey Lady related to Rowena Ravenclaw?,She's Rowena's daughter.
What can you counteract by consuming Moly?,Enchantments.
How do you greet a Hippogriff?,With a bow
Which puzzle guarding the Sorcerer’s Stone does Hermione Granger solve?,Professor Snape’s logic puzzle with potion bottles
What is the title of this book and movie everywhere except in the United States?,Harry Potter and the Philosopher’s Stone
Harry and Ginny have three children. What are their names?,"James, Albus, and Lily."
Who are the members of the 'Golden Trio'?,"Harry Potter, Ron Weasley, Hermione Granger"
What item cannot be conjured?,Food
What spell works on the Whomping WIllow to stop it from attacking?,The Freezing Charm
What was Uric the Oddball best known for wearing on his head?,A jellyfish
What spell provides protection against Dementors?,Expecto Patronum
"Who betrays Lily and James Potter: Moony, Professor Snape, Padfoot, or Wormtail?",Wormtail
Which incantation conjures flowers?,Orchideous
Where did Harry begin hearing the voice that no one else could hear?,In Professor Lockhart’s office
What is Tulip’s prank of choice?,Dungbomb
Who was Ron's first girlfriend?,Lavender Brown
The Blast-Ended Skrewt is a hybrid of a Fire Crab and what?,Manticore
What was the Seeker originally called?,The Hunter
"What does Hogwarts say you should never do, but I'd love to do?",Tickle a Sleeping Dragon
What is the wand motion for Wingardium Leviosa?,Swish and Flick
How is Quodpot different from Quiddtich?,The ball explodes.
"In Book 4, who does Hermione Granger go with to the Yule Ball?",Viktor Krum.
What's Tonks dad's name?,Ted
Which Alchemist was active during the Medieval age?,Nicholas Flamel
"In Harry Potter and the Prisoner of Azkaban, how do Hermione, Harry, and Ron find Crookshanks?",He jumps on Ron's head at the Magical Menagerie.
How old was Harry when he got his first letter from Hogwarts?,Eleven
Who was headmaster or headmistress at Hogwarts when Tom Riddle was a student?,Armando Dippet
"What is Lord Voldemort's full, real name?",Tom Marvolo Riddle.
Name an object we’ve Transfigured a porcupine into.,Pincushion
Which two students came up with the name “Dumbledore’s Army?,Cho Chang and Ginny Weasley
Who is the headmaster of Hogwarts during Harry's years at school?,Albus Dumbledore
Who does Hermione impersonate using the Polyjuice Potion in the second book of the Harry Potter series?,Millicent Bulstrode
Which of these is needed for successful broom casting?,Balance
What is the address of the Headquarters of the Order of the Phoenix?,"12 Grimmauld Place, London"
What would Peevsey do at a trial?,Cause a mistrial
What is the name of Hagrid's boarhound dog?,Fang
Which spell is used in Harry Potter that levitates objects?,Wingardium Leviosa
Who previously held Snape's post as Potions Master?,Horace Slughorn
What was Elfric the Eager's uprising?,A revolt.
When was Azkaban Prison established?,1718
What do all the hands on the Weasleys’s magical clock point to when Harry gets to the Burrow?,“Mortal peril”
What curse is Harry Potter the only known survivor of?,Avada Kedavra
Name one of the potion's ingredients...,Dragon Liver
How many players are on a quidditch team?,7
Where was Beedle the Bard born?,"Yorkshire, England."
What was the name of Neville Longbottom's pet toad?,Trevor
A: Which ghost is the most terrifying?,Bloody Baron
Which is NOT a side effect of a miscast Silencing Charm?,Insatiable Hunger
Which of the following could very well be a Chameleon Ghoul?,Coat Rack
Which of the following is NOT a type of Transfiguration?,Summoning
What are all Warlock conventions?,Confidential / Important.
Which of these is an ancient predecessor to Quidditch?,Creaothceann.
What is the name of the three-headed dog that guards the Sorcerer's Stone?,Fluffy
When did Gringotts Wizarding Bank open?,1474
Where did you have to go to study Trelawney's prophecy?,The Centaur Camp
What's the name of the magical government in the Harry Potter series?,The Ministry of Magic
What type of Potion is Weedosoros?,Poison
Which books details the history of Quidditch?,Quidditch Through the Ages
The three D's of Apparition do not include which of the below?,Dimension
Who is the Astronomy professor?,Professor Sinistra
Which of the following is another dive commonly used by Seekers?,Spiral Dive
What does 'Serpensortia' conjure?,Snakes
Who decided the Dementor infestation could be an asset?,Damocles Rowle
How many Philosopher's Stones have been known to exist?,One
Who concocts a love potion meant for Harry that Ron ends up taking by mistake?,Romilda Vane
What did Hermione use to help heal Ron's arm when it got splinched?,Essence of Dittany
What is Wronski Feint?,Pretending to dive for the Snitch.
By which statue is there a hidden pathway to Honeydukes?,The one-eyed witch
When was the Golden Snidget first introduced into the game of Quidditch?,1269
What is Professor McGonagall’s animagus?,Silver tabby cat
"What is the middle name of Harry's daughter, Lily?",Luna
"To be allowed to Apparate, you must do what two things?",Be at least 17 years old and get your license.
What was Elfric known as?,The Eager.
Peeves is a giant of what?,Pranks
"In the book version of Harry Potter and the Sorcerer's Stone, what is the name of Dudley's friend who goes to the zoo with the Dursleys and Harry?",Piers
What did Hagrid name his pet dragon?,Norbert
"When practising Bibliomancy, what passage should one select?",A random passage
Which potion grants the drinker incredible luck?,Felix Felicis
Which Weasley dies during the final battle of Hogwarts?,Fred Weasley
What is a toadstool?,A mushroom
Which Quidditch ball is the biggest?,Quaffle
How many points is the Golden Snitch worth?,150
What Goblin led the 18th century Golbin Rebellions?,Urg the Unclean
Who would make the most use of the charm Alohomora?,A Thief
When was Wendelin the Weird alive?,The Middle Ages.
And what type of animal does Harry accidentally set free while they're at the zoo?,A boa constrictor
"In the Goblet of Fire, which two schools participate in the Triwizard Tournament alongside Hogwarts?",Durmstrang and Beauxbatons
What is notable about Everlasting Elixirs?,They never run out
Which character do we see ride a broom for the first time in this movie?,Hermione Granger
I bet you don't know how many wizards serve on the Wizengamot!,50
What would Peevsey do at a trial?,Cause a mistrial.
What did Harry Potter's aunt and uncle say his parents passed from?,In a traffic accident
Ginny Weasley bought a pet Pygmy Puff from her older brothers' joke shop. What did she name it?,Arnold.
How old was the Sorcerer's Stone co-creator Nicolas Flamel when he decided to destroy it?,665
Where is the entrance to the Chamber of Secrets?,Moaning Myrtle's bathroom
Where can Shrivelfigs be found?,Abyssinia
"Moony, Wormtail, Padfoot, and Prongs are code names for which four characters?","Remus Lupin, Peter Pettigrew, Sirius Black, and James Potter."
What is the name of the powerful and dangerous artifact that Voldemort creates in the Harry Potter series by splitting his soul into seven pieces?,The Horcruxes
How many times did Wendelin the Weird allow herself to be caught?,Forty-seven.
What can cause a person's patronus to change?,Major Life Events
Which Quidditch players score goals?,The Chasers
What magical plant allows humans to breathe underwater?,Gillyweed
How do you tell if a door is Imperturbable?,Chuck stuff at it
Who does Harry take to the Yule Ball?,Parvati Patil
In which situation would the Blackboard Writing Spell be useful?,Summarising a lecture
"In 1997, what was written on the statue at the Ministry of Magic under Voldemort's control?",Magic is Might
When is Neville's birthday?,July 30
Where could you buy broomsticks?,Quality Quidditch Supplies
What does the Sorcerer's Stone do?,"It produces the Elixir of Life, granting immortality, and can turn any metal into pure gold."
Which creatures guard wand-making trees?,Bowtruckles
Screechsnaps are capable of doing which of the following?,Move & Make Noise
"Monkshood and wolfsbane are the same plant, also known as what?",Aconite
Who is the Half-Blood Prince?,Severus Snape
How did Fred and George get the money to open their shop?,They won a bet on the Quidditch World Cup
Who did Harry overhear in the Three Broomsticks talking about how Sirius Black betrayed his parents?,"Professor Flitwick, Professor McGonagall, Hagrid, Cornelius Fudge and Madam Rosmerta"
Which of these titles or identities has not been held by Harry Potter?,SPEW Treasurer
How many Knuts equal one Sickle?,29
What is the incantation for the snake-vanishing spell?,Vipera Evanesca.
How many points is a goal worth?,Ten
"In the epilogue to the book, who says, “Don’t let it worry you. It’s me, I’m extremely famous.”",Ron Weasley
What does Harry steal from Dolores Umbridge’s office in the Ministry of Magic?,Mad-Eye Moody’s magical eyeball
Who is the History of Magic Professor?,Professor Binns
What is the name of Fleur Delacour and Bill Weasley’s house?,Shell Cottage
Who among the following served as a Hufflepuff Prefect?,Ernie Macmillan
What does the Potion for Dreamless Sleep induce?,Drowsiness.
Who kidnapped Mad-Eye Moody just before the Twiwizard Tounament?,Bartemius Crouch Junior
When do Puffskeins hum?,When they're content.
What's one form of Hex-Deflection?,Salvio Hexia
Who of the following was not a classmate of Harry Potter?,Fleur Delacour
Where are the highest quality Shrivelfigs grown?,Abyssinia
Which of the Hogwarts ghosts is Peeves afraid of?,The Bloody Baron
Who is the flying instructor?,Madam Hooch
What are the colors of Ravenclaw?,Blue and bronze
What did Wendelin do to make sure she wasn't recognized?,Wore disguises.
Where can Knotgrass be found?,The Forbidden Forest
Which of Voldemort’s Horcruxes do Harry and Dumbledore track down—but it turns out to be a fake?,Slytherin’s locket
"In Harry Potter and the Prisoner of Azkaban, where is the secret passage from Hogwarts to Honeydukes hidden?",Beneath the statue of the one-eyed witch
Mimbulus mimbletonia secretes what substance?,Stinksap
What does Charlie Weasley do for a living after graduation?,Study dragons
What kind of wood is Harry's first wand made out of?,Holly
Harry discovers he’s one of Voldemort’s seven Horcruxes. What are the others?,"Tom Riddle’s Diary, Nagini, the giant ring, the Hufflepuff cup, Slytherin Locket, and Ravenclaw diadem."
Thestrals are mistakenly considered to be omens of what?,Misfortune.
What is the name of the magical hospital?,St. Mungo's Hospital for Magical Maladies and Injuries.
What is the name of Harry's owl?,Hedwig
Which Quidditch players fend off the Bludgers?,The Beaters
How many staircases does Hogwarts have?,142
What was the point of this lesson?,Fine tune your skills
How many presents did Dudley Dursley receive on his birthday in total?,"38. It was 36 (one less than last year), but then Mrs. Dursley bought him two new presents to make up for it."
Which of the following was not a breed of Dragon faced by the Triwizard Tournament Champions?,Norwegian Ridgeback
Who wrote the book Curses and Counter-Curses?,Viridian
In what capacity did the Sardinian sorcerers attend the Convention?,Sub-Committee
How did Harry first arrive (and ultimately depart from)the Dursley's house on 4 Privet Drive?,Flying Motorobike
"When stirring a Wiggenweld Potion, how many times will the solution change color during the stirring process?",Several
Which incantation cancels all spell effects?,Finite Incantatem
In what year did the Gargoyle Strike take place?,1911
"What was connected by the Floo Network, creating a mode of transportation for Witches and Wizards?",Fireplaces
What is a group of Bowtruckles called?,Branch
Who was the original owner of the locket Horcrux?,Salazar Slytherin
What name was Harry Potter using when he was captured at Malfoy Manor by the Death Eaters?,Vernon Dudley
Which of these creatures' blood will keep a human alive?,Unicorn
What am I most known for?,My Partially Severed Neck
Which pub in London conceals the entrance to Diagon Alley?,The Leaky Cauldron
Do you know what potion is effective against Banshees?,The Laughing Potion
What do Dark Spells require in order to be successful?,Malicious Intent
What are meteor showers usually named after?,Constellations.
Who discovered the 12 uses for dragon blood?,Professor Dumbledore
How many Lionfish Spines are used in one batch of Herbicide Potion?,Four
Which Quidditch ball is equipped with the Gripping Charm?,Quaffle
Name the six subjects every Hogwarts student is required to study during their first two years of school.,"Astronomy, Charms, Defense Against the Dark Arts, Herbology, History of Magic, Potions, and Transfiguration."
"What kind of pet does Harry own, and what is her name?",An owl named Hedwig.
What covers the distinct nettle leaf?,Stinging hairs.
Do you know what kind of creature a Boggart is? Because I [Merula] do.,Non-being
"In the Quidditch World Cup, Ireland's team had three main chasers: Mullet, Troy, and Moran. Which one scored the first goal?",Troy
What incantation shrinks an object?,Reducio
Who is the Divination Professor?,Professor Trelawney
What spell vanishes an object?,Evanesco
What is the most powerful truth serum?,Veritaserum
Who is the Head of Ravenclaw House?,Professor Flitwick
"If one wished to increase the effect of the Bombarda spell, which incantation would you use?",Bombarda Maxima
What is an acceptable use of the Orb?,Divining the future
What type of Ghoul is capable of disguising itself?,Chameleon Ghouls
Who is the sister of Death Eater Bellatrix Lestrange?,Narcissa Malfoy
Which is NOT a reason for a wizard to remain on earth as a ghost?,Hunger
Who kills Dobby?,Bellatrix Lestrange
What does Hagrid use to channel the pieces of his wand once it's been broken?,A pink umbrella
What is the animal symbol of Ravenclaw?,Eagle
True or false: Harry Potter and the Deathly Hallows: Part Two is the shortest Harry Potter movie.,True! The run time is just 130 minutes.
"Snape grilled Harry about this on his first day in Potions. Monkshood and wolfsbane are the same plant, also known as what?",Aconite.
What's the only all-wizard village in Britain?,Hogsmeade
"Oy, you'll be sure to remember this one. During our first day of Herbology class, what creature took the form of a werewolf and gave Penny Haywood a scare?",Boggart
Pepperup Potion evolved from a remedy created by what 12th century wizard?,Linfred of Stinchcombe
Who was the Hogwarts headmaster before Albus Dumbledore?,Armando Dippet
Scourgify can be used to clean out infestations of what magical creature?,Bundimun
Where was Harry born?,Godric's Hollow
The Medieval Assembly of European Wizards is related to which convention?,International Warlock Convention
Which spell does the Cleaning Charm most resemble?,Scouring Charm
Why did students think Harry was the Heir of Slytherin?,He can speak Parseltongue.
Where are the vaults kept in Gringotts Bank?,Deep underground.
Which dark magic item is known as the friend of thieves?,Hand of Glory
Where does Rubeus Hagrid first tell Harry that he’s a wizard?,In a hut on a rock
How does one ward off a Dementor?,The Patronus Charm.
What charm can repel a Lethiford?,Patronus Charm
What dragon did Fleur Delacour face in the first task of the Triwizard Tournament?,Welsh Green
What is an animagus?,A person with an animal form
What's the term for an object imbued with a fragment of a wizard's soul?,Horcrux
What is the primary ingredient in Polyjuice potion?,The hair of the person you want to transform into
Who spoke at Aragog's funeral?,Horace Slughorn
Who is the ghost of Slytherin House?,The Bloody Baron
Which potion should you all be required to drink before entering my potion?,Wit-Sharpening Potion
Which of the following is NOT a type of Dark Magic?,Charm
"After Draco insults Hermione, Ron cast a spell that backfired. What did he intend for Draco to eat?",Slugs
Where's one place you would not find any gnomes?,Antarctica
Where would you look to find a bezoar?,In the stomach of a goat
How long did the longest Quidditch game last?,Six months
What did Fred and George Weasley use to spy on Order of the Phoenix meetings?,Extendable Ears
"In the Hall of Prophecy, there are rows and rows of glowing orbs. Which row contains the prophecy about Harry and Voldemort?",97
Lily Potter once gave Professor Slughorn a bowl with a lily that turned into a goldfish. What was the goldfish’s name?,Francis
What is the name of the ghost who haunts the Hogwarts bathroom?,Moaning Myrtle
What is the name of the librarian at Hogwarts?,Madam Pince
What are the four Hogwarts houses?,"Gryffindor, Ravenclaw, Slytherin, and Hufflepuff."
How long was You-Know-Who in power?,11 Years
What magical plant did Luna Lovegood have growing at home?,Dirigible Plums
How many teams are in the British and Irish Quidditch League?,Thirteen
"What do the abbreviations for the two main wizarding exams, O.W.L.s and N.E.W.T.s, stand for?",Ordinary Wizarding Level and Nastily Exhausting Wizarding Test.
What did the Dursleys give Harry for Christmas in his first year at Hogwarts?,Fifty Pence
The Diricawl is actually thought to be which extinct Muggle bird?,The Dodo.
"In Book 3, what is Neville Longbottom's greatest fear, revealed upon facing a boggart in Lupin's class?",Professor Snape.
Who was the House-Eld that once served Barty Crouch Senior?,Winky
Voldemort stole Helga Hufflepuff's cup from an old woman named Hepzibah Smith. What was the name of her house-elf?,Hokey.
Who is Stan Shunpike?,The conductor of the Knight Bus
Nearly Headless Nick is a patron house of which House?,Gryffindor
Where was Harry Potter born?,Godric's Hollow
What's in a forgetfulness potion?,Lethe Water
What is the name of the magical map that shows the entire layout of Hogwarts?,Marauder's Map
How many times did Wendelin the Weird allow herself to be caught by witch-hunters?,Forty-Seven
What is the name of the three-headed dog guarding the trapdoor in Harry Potter and the Sorcerer's Stone?,Fluffy
What item in the Headmaster's Office allows you to review bottled up memories?,The Pensieve
What does the Drought Charm cause?,Dryness
What magical artefact creates the Elixir of Life?,Philosopher's Stone
Who is in the first memory Professor Dumbledore shows Harry in the Pensieve?,"Bob Ogden, an employee of the Department of Magical Law Enforcement"
Which of the following spells is not used in Transfiguration Class?,Confundo
Where did the Goblin Rebellion of 1612 take place?,Hogsmeade Village
In which of these scenarios would you use the impediment jinx?,To slow a rushing opponent.
What is Ron's favorite Quidditch team?,Chudley Cannons
And what about his pet dragon?,Norbert
The visitor’s entrance to the Ministry of Magic is an abandoned red telephone booth in London. What is the five-digit code you must dial to get in?,6-2-4-4-2. (Bonus: This spells M-A-G-I-C on a phone's keypad.)
Which spell did Hermione use to release the dragon from Gringotts Bank?,Revulsion Jinx
What is the incantation for the Disarming Spell?,Expelliarmus
What does the boggart turn into when Mrs. Weasley sees it?,Her entire family and Harry lying dead on the floor
"When Professor Snape takes over Professor Lupin’s Defense Against the Dark Arts class, which page does he ask the students to turn to?",Page 394 (the page on werewolves)
Which dry ingredient is used in a wideye potion?,Billywig Sting
What did Fred and George Weasley call their joke shop?,Weasleys’ Wizard Wheezes
Which of these is not a cleaning spell?,Confrigo
What became outlawed after the Warlock's Convention of 1709?,Dragon breeding.
Who is the Herbology professor?,Professor Sprout
What spell would you use to men a pair of glasses?,Reparo
"Before Dumbledore, who was headmaster of Hogwarts?",Armando Dippet
What does it mean when a magical creature is classified as X by the Ministry of Magic?,Boring
Which Wizarding school did Gellert Grindelwald attend?,Durmstrang Institute
What is the cure for being Petrified?,Mandrake root
What is the biggest Quidditch event?,World Cup
What is the Grim?,A spectral dog
Colovaria is also known as what?,Colour Change Charm
Where was Harry Potter born?,Godric's Hollow.
How can you tell if a door is Imperturbable?,Chuck stuff at it.
Which potion contains Fluxweed?,Polyjuice Potion
What was Gilderoy Lockhart's best Spell?,Obliviate
What other name is the Doxy commonly known by?,The Biting Fairy.
Which potion is commonly featured in Muggle fairy tales?,Draught of Living Death
Which was the last of Voldemort's Horcruxes to be destroyed?,Nagini
Which scent attracts Hermione Granger?,"Freshly mown grass, mint toothpaste, and fresh parchment"
What teleportation magic do sixth-years learn at Hogwarts?,Apparition
What effect does diluted Swooping Evil venom have?,Erases bad memories
What does the house with the highest score win?,House Cup
What is Hermione's cat's name?,Crookshanks
Who removes all the bones from Harry’s arm?,Gilderoy Lockhart
Which was my Tonks favourite band?,The Weird Sisters
How many players are on a Quidditch team?,7
What is the name of the Hogwarts poltergeist?,Peeves
And who is Ron’s actual love interest this year?,Lavender Brown
"In Harry Potter and the Chamber of Secrets, where were Harry, Hermione, and Ron coming from when they found Mrs. Norris petrified?",Nearly Headless Nick's Deathday Party
What is the Ministry of Magic classification system?,A creature's danger level
"In Harry Potter and the Half-Blood Prince, in the Weasleys' magical clock, what are all of the hands pointed to when Harry arrives at the Burrow?",Mortal peril
Who invented the Wronski Feint?,Josef Wronski
How should your completed Scintillation Solution look?,Sparkling.
What is the main ingredient in Harry Potter's wand?,A phoenix feather.
Streeler venom is one of the only substances known to kill which invasive species?,Horklump
Who is the Divination professor?,Professor Trelawney
No spell yet devised allows a wizard to what?,Fly unaided
Which of these spells is a severing charm?,Diffindo
What does the charm Lumos provide?,Light
Which of these is not a form of Transfiguration?,Enchantment
What does the Hair-Raising potion do?,Makes hair stand up
Which is NOT another form of magical transportation?,Mop Flying
What is Hermione’s patronus?,An otter
Who lied to Voldemort during the final battle by proclaiming that Harry Potter was dead?,Narcissa Malfoy
How many siblings does Ron Weasley have?,Six
What is a non-side effect of Elixir to induce Euphoria?,Excessive sweating
Where is Ovomancy thought to originate?,Ancient Greece
What does Veritaserum taste like?,It has no taste at all.
What did Xenophilius Lovegood believe Billywig wings could induce?,An elevated frame of mind.
"What spell does Harry discover written in the Half-Blood Prince's potions textbook in Book 6, and who invented it?","Sectumsempra, Severus Snape."
What fluffy creature hums when it's happy and likes to stick its tongue up Wizards' noses?,Puffskein
What are the three D’s of a successful Apparition?,"Destination, determination and deliberation"
Which spell has the opposite effect of Lumos?,Nox
Which of these spells keeps a charm stable?,Fianto Duri
How did Mad-Eye Moody punish Draco Malfoy for trying to Hex Harry?,He turned Draco into a ferret.
What creature did the Wizards’ Council make a protected species?,Golden Snidget.
Who is the headmaster of Hogwarts during Harry's time there?,Albus Dumbledore
"According to Hagrid, which is the safest place in the Wizarding World other than Hogwarts?",Gringotts
When did the Witch Trials of 1692 take place?,Salem
"Where do I- I mean, where does Tonks like to hide Jelly Slugs?",Herbology Pots
"According to Madam Hooch, which of the following increases your chances of falling to your death? Maybe you should take these as suggestions.",Long hair
What is the last line of the last book?,“All was well.”
What spell transforms an object into a Portkey?,Portus
Casting Fumos creates what kind of defensive cloud?,Smoke
What will help you whilst attempting Strong Braking?,A firm grip.
What's Nearly Headless Nick's real name?,Nicholas de Mimsy-Porpington
What charm silences an opponent?,Silencio
Which of these spells can summon an object?,Accio
Fill in the blank: Petrificus Totalus is the incantation for the Full Body-Bind curse.,Bind (Got this in the Petrificus Totalus lesson.)
What is the first line of the book?,"“Mr. and Mrs. Dursley, of number four, Privet Drive, were proud to say that they were perfectly normal, thank you very much.”"
Who did not compete in the Triwizard Tournament?,Fred
What did the Wizards' Council sign into action in 1692?,International Statute of Wizarding Secrecy
What two creatures are Hippogriffs a mix of?,Horses and eagles
What is the name of the magical creature that can only be seen by those who have witnessed death?,Thestral
What job does Luna Lovegood's father hold?,"Editor of ""The Quibbler"""
What is Nearly Headless Nick's full name?,Nicholas de Mimsy-Porpington
Who is the matron of the orphanage where Voldemort grows up?,Mrs. Cole
What tail did Hagrid make Dudley grow because the Dursleys were rude?,Pig tail
How many staircases are at Hogwarts?,142
How many students sleep in each Hogwarts dormitory?,5
Kneazles are most similar to what animal?,Cat
Which book is instrumental for this lesson?,Charm Your Own Cheese.
Which star is the brightest in the night sky?,Sirius.
Which is NOT one of the palm lines we read in Palmistry?,Time line
In the Hall of Prophecy there are rows and rows of glowing orbs. Which row contains the prophecy about Harry and Voldemort?,Row 97.
What's a telltale sign that mandrakes have matured?,They move into each other's pots
What is the max speed of a Firebolt broomstick?,150 mph
Why would you cast Alohomora?,Unlock a door.
What do the students call the Gryffindor ghost?,Nearly Headless Nick.
What is the biggest Wizarding newspaper in Britain?,The Daily Prophet
"In the movie, Professor McGonagall explains the origins of the Chamber of Secrets. Who does it in the book?","Professor Binns, the history teacher (who is also a ghost)"
Who was the first Minister of Magic?,Ulick Gamp
"In 1876, which caretaker tried to make Peeves leave Hogwarts?",Rancorous Carpe
Fanged Geraniums are most notable for what?,Their Fangs
From what event do we measure the age of the universe?,The Big Bang.
Who does Bill Weasley marry?,Fleur Delacour
Who is the Slytherin ghost?,The Bloody Baron
What is required in the manoeuvre Taking Passengers?,Complete cooperation.
What is the name of the wizarding prison in the Harry Potter series?,Azkaban
Who is Hufflepuff's patron ghost?,Fat Friar
How many Muggles see the flying Ford Anglia as Harry and Ron make their way to school?,Seven
How is mail delivered in the wizarding world?,By owl post.
What is Madam Hooch's second job?,Quiddich Referee
What is a spell used to mend broken objects?,Reparo
What is the term for a witch or wizard who can see the future?,Seer
"Who do you prefer: Dust, Binns, or Peeves?",Peeves!
Who is the professor of Transfiguration class?,McGonagall
What is Professor Minerva McGonagall's animagus?,A cat.
Which one of the following is not a founder of Hogwarts?,Helena Ravenclaw
What potion gives good luck to those who drink it?,Felix Felicis
Who sent Harry his Firebolt?,Sirius Black
"In our second year, where did you sneak into using a Shrinking Charm?",A Common Room
Which charm did we end in class by using Finite Incantatem?,Wand-lighting
Harry was raised by his mother’s sister. What was his aunt named?,Petunia
True or false: This is the longest movie in the franchise.,"False! Harry Potter and the Chamber of Secrets is the longest movie, at 161 minutes."
Dittany is used primarily for what purpose?,Healing
What is the magical equipment store in Hogsmeade?,Dervish and Banges
What boil-inducing ingredient can create an explosive reaction when added to a Cure for Boils?,Bulbadox Powder
What is Luna Lovegood’s father’s name?,Xenophilius Lovegood
What was the name of the company Vernon Dursley worked for?,Grunnings
"Ever the eccentric, Dumbledore has a scar above his left knee that is a perfect map of what?",The London Underground.
Who loses an ear at the start of the book?,George Weasley
Professor Sprout is the head of which Hogwarts house?,Hufflepuff
Dark matter and dark energy make up what percentage of our universe?,95%.
Which ghost haunts the second-floor girls' bathroom in Hogwarts?,Moaning Myrtle
What piece of equipment is essential when re-potting baby Mandrakes?,Earmuffs
What type of cauldron do first-year students need?,Pewter
Who is manipulated into vandalizing Hogwarts with messages about the Chamber of Secrets?,Ginny Weasley
What is Lockhart's favorite color?,Lilac
What is James Potter's Marauder nickname?,Prongs
Where is the Hall of Prophecy?,Ministry of Magic
What distinguishes Chameleon Ghouls from ordinary ghouls?,Their ability to change shape
Which of these books covers ancient runes?,Spellman's Syllabery
Who is the giant three-headed dog that guards the trapdoor leading to the Philosopher's Stone in the first book?,Fluffy
How many Principal Exceptions are there to Gamp's Law of Elemental Transfiguration?,Five
What part of a Mandrake is potentially fatal?,Its scream
What should you avoid getting in your eyes while flying?,Insects
Who is Slytherin's patron ghost?,Bloody Baron
What is the incantation for the Exploding Charm?,Bombarda
An intended transformation is directly influenced by which of the following?,Concentration
What does the Stretching Jinx do?,Causes the target to stretch
What is the name of the magical object that allows the user to become invisible?,The Cloak of Invisibility
Where is the British and Irish Quidditch League Headquarters located?,The Ministry of Magic
What is the name of the game played on broomsticks in the Harry Potter series?,Quidditch
Wich of these creatures is notable proud and easy to offend if not treated politely?,Hippogriff
Starfish and Stick is a tactic used by what Quidditch position?,Keeper
Which of these tasks can not be aided by a Vanishing Spell?,Dancing
"What do Harry, Ron and Hermione find in the locked cabinet of a writing desk at the Order of the Phoenix Headquarters?",A Boggart
What item in the Headmaster's Office allows you to review bottled memories?,The Pensieve
Do you know what kind of creature a Boggart is?,Non-being
What is the name of the Hogwarts caretaker who is always complaining about the students?,Argus Filch
Why did the Werewolf Code of Conduct fail?,No Werewolves Signed
You should cover your ears when this mature plant starts crying. Name that plant!,Mandrake
What are fluxweed and Boomslang skin used for?,Polyjuice
Who invented the Snitch in the Harry Potter series?,Bowman Wright
Who invented the Cheering Charm?,Felix Summerbee
"Who was Harry's first kiss, and in what book?","Cho Chang, Book 5."
What was the name of the orphanage where Lord Voldemort grew up?,Wool's Orphanage
What was the primary reason for the creation of the International Statute of Wizarding Secrecy?,Persecution by Muggles
What kind of spell is Flipendo?,Jinx
What is the crime Harry commits that causes the Ministry of Magic to hold a disciplinary hearing for him?,"He uses the Patronus Charm in front of a Muggle (Dudley, and only because there were Dementors!)."
Name the three different types of balls used in Quidditch.,"Quaffle, Bludger, Snitch."
What magical plant resembles a withered tree stump?,Snargaluff
What is the name of the Gryffindor ghost?,Nearly Headless Nick.
Which character in the Harry Potter series is known for wearing radish earrings?,Luna Lovegood
The Hogwarts motto is “Draco dormiens nunquan titillandus.” What does it mean?,“Never tickle a sleeping dragon.”
What's your favorite part of History of Magic?,Your impressions.
Who is Ravenclaw's patron ghost?,The Grey Lady
What is Hagrid’s half-brother’s name?,Grawp
What color is Teddy Lupin's hair when he is born?,Black
The Bouncy Bulb is extremely difficult to...,Pot.
Which of the following books was not written by Rita Skeeter?,Easy Spells to fool Muggles
Which statement is true about conjured objects?,They vanish in time
Who is the conductor of the Frog Choir?,Filius Flitwick
Which of the following is a side effect of Wiggenweld Potion?,Healing injuries
What position does Harry play in Quidditch?,Seeker
What are the two pubs in Hogsmeade called?,The Three Broomsticks and The Hog's Head.
"What is the counter spell for Accio, Summoning Charm?",Depulso
What is the name of Hagrid's pet dragon?,Norbert
New students need to learn the secrets of the castle. How many staircases does Hogwarts have?,142.
"Before the start of his second year at Hogwarts, how do the Weasley's manage to save Harry from the Dursley's house?",With a flying car
Where does the Sopophorous Plant grow?,Gloomy marshlands.
"Whose teeth did Nearly Headless Nick accidentally turn into tusks, leading to his death?",Lady Grieve
What is another word for antidote?,Cure (I got this in the Antidote to Common Potions lesson)
Which of these is an ingredient in Polyjuice Potion?,Powdered Bicorn Horn
What animal is Dolores Umbridge obsessed with?,"Cats (specifically, kittens)"
What is the incantation for a Confundus charm?,Confundo
Which of these is a Wiggenweld potion ingredient from the sea?,Lionfish Spine
What is the name of the Weasley twins' magical joke shop?,Weasleys' Wizard Wheezes.
Some curses are even capable of doing what?,Spanning generations
"In the Chamber of Secrets, where does Harry discover the entrance to the Chamber?",Myrtle's bathroom
Who did Professor Lupin marry?,Nyphadora Tonks
Who killed Emeric the Evil in a duel?,Egbert the Egregious
What creature sat in the corner of Professor Lupin's office the first time Harry Potter visited him at Hogwarts?,Grindylow
Which Minister of Magic resigned following the goblin rebellion of 1752?,Albert Boot
What is the incantation for the Tongue-Tying Curse?,Mimblewimble
What is the name of the street where the Dursleys live?,Privet Drive
"When Harry, Ron and Hermione make Polyjuice Potion, who steals the ingredients from Professor Snape’s office?",Hermione
Which potion causes the drinker to speak nonsense?,Babbling Beverage
"What does Uncle Vernon’s sister, Marge Dursley, do for a living?",Breeds bulldogs
How many Deathly Hallows did Albus Dumbledore possess?,Three
What is another name for the Alihotsy tree?,The hyena tree.
What was Harry Potter's middle name?,James
What was Elfric the Eager responsible for?,An uprising.
Which of the plants is prone to slapping people in the face?,Bouncing Bulbs
The charm Descendo can make a targeted object do what?,Lower
And how does Parvati defeat it?,"In the book, the mummy trips on its wrappings. In the movie, it turns into a giant jack-in-the-box (arguably no less scary)."
Where did Hermione hold the first meeting for students interested in joining Dumbledore's Army?,The Hog's Head
How is Bellatrix related to Tonks?,Tonks is Bellatrix's niece.
Where do monks grow gravity-resistant trees?,Nepal
What is the brand of magic that deals with altering the form or appearance of an object?,Transfiguration
"In our first Transfiguration class, Professor McGonagall showed us a Transfigured cauldron. The cauldron was sporting what strange feature?",Cat ears
Who wrote Unfogging the Future?,Cassandra Vablatsky
Who was expelled from Hufflepuff House?,Newt Scamander
"This one is a two-parter. Where does Vernon Dursley work, and what does the company produce?","Grunnings, a drill manufacturer."
Which of the following would be the easiest Transfiguration?,Porcupine to Pincushion
What's the best use for the Talirek Twirl?,Evading Bludgers.
Who wrote Magical Draughts and Potions?,Arsenius Jigger
What is Ginny's full name?,Ginevra Weasley
This topic will be included on what exam?,The N.E.W.T.S.
What class does Professor Vector teach?,Arithmancy
What purpose does the Cough Potion serve?,Cures a cough
What does solitary 'X' classification mean?,Boring
What incantation makes an object waterproof?,Impervius
Which of these spells would be most useful as an attack?,Engorgio
What do you say to summon a broom to your hand?,Up
"On what date do the Weasleys rescue Harry from number four, Privet Drive?","July 31—his birthday, of course!"
What is the name of the Black family's house-elf?,Kreacher
Who is the Potions Master at Hogwarts?,Severus Snape
Cedric Diggory let Harry use the prefect's bathroom in The Goblet of Fire. What man's statue is next to the lavatory entrance?,Boris the Bewildered
Is it safe to drink water conjured by Aguamenti?,"Yes, it's safe to drink."
Arresto Momentum was originally developed for what purpose?,Slowing a Falling Quaffle
What is used in Xylomancy?,Twigs
What’s the name of Hagrid’s half-brother?,Grawp
What is the platform at King's Cross Station where Hogwarts students catch the Hogwarts Express called?,Platform 9 ¾
When was Ollivanders founded?,382 BC
When was He Who Must Not Be Named defeated?,Halloween
What are all Warlock conventions?,Important
What does Harry name his children?,"James Sirius, Albus Severus, and Lily Luna"
What creature is known for guarding Gringotts Bank?,Dragons
Which creature was used in Quidditch before being replaced by the Golden Snitch?,Golden Snidget
Where is the entrance to the Chamber of Secrets?,"In the second-floor girl's bathroom, also known as Moaning Myrtle's bathroom."
Which type of transfiguration is employed in this lesson?,Transformation
"In the movie, what sound does Ron make after eating a magical candy?",A lion’s roar
What color is Hagrid's umbrella?,Pink
What does the Impediment Jinx do?,Temporarily Slows a Target
What is the Bubotuber pus used for?,Clearing up acne
Who was the original owner of the Sorting Hat?,Godric Gryffindor
What does Harry do when he grows up?,He works as an Auror for the Ministry of Magic.
Which is the exciting moment in the book that is cut out of the movie?,Gryffindor winning the Quidditch Cup
Which Wizarding World publication contains series about the Crumple-Horned Snorkack?,The Quibbler
Harry is known for his talents in Quidditch. What is the max speed for a Firebolt broomstick?,150 mph.
Why does Neville Longbottom faint in Herbology class?,"His earmuffs were loose, so he heard the cry of the baby mandrake."
Where’s Peeves favorite place to swim?,Boys’ ground floor toilets
What does the reductor curse do?,Blasts objects into pieces.
Can the Extinguishing Charm be used to put out dragon fire?,"Yes, it can."
In which of these scenarios would you use Cistem Aperio?,Blasting Open a Locked Trunk
What does 'Avis' conjure?,Birds
The Broom Casting technique enables one to do what while flying?,Cast spells.
"What does Glumbubles treacle induce, if ingested?",Melancholy.
Who is the second Peverell brother?,Cadmus Peverell
Who wrote A History of Magic?,Bathilda Bagshot
What is Gilderoy Lockhart’s autobiography called?,Magical Me
What animal did Ginny joke that Ron had tattooed on his body?,Pygmy Puff
Who is the author of 'Curses and Counter-Curses'?,Vindictus Viridian
How many players are on a Quidditch team?,Seven
What is Parvati Patil’s Boggart in the book and the movie?,"In the book, a mummy; in the movie, a giant cobra"
Which Ministry of Magic department regulates Quidditch?,Magical Games and Sports
What ghost does Peeve fear?,Bloody Baron
Where do vanished items go?,Into non-being
Who wrote the Dream Oracle?,Inigo Imago
What is the side effect of Pepperup Potion?,Steam Coming from the Ears
Which best describes the effects of a Switching Spell?,Switching Two Targets Simultaneously
Which potions does not contain Valerian Sprigs?,Polyjuice Potion.
What property do you have to account for in Transfiguration?,Target's weight.
Which sweet-smelling plant changes its scent?,Flutterby Bush
"In the Quidditch World Cup, Ireland's team had three main chasers: Mullet, Troy, and Moran. Which one scored the first goal?",Troy.
What does the incantation 'Incarcerous' conjure?,Binding ropes
"In The Sorcerer’s Stone, Harry and his friends are awarded last-minute House Points, putting Gryffindor ahead of Slytherin by just 10 points. What was the final tally?",482 to 472.
In what potion is the Sneezewort featured?,Befuddlement Draught.
What followed the Soap Blizzard of 1378?,Wizarding Economic Bubble Burst
Which incantation changes a person's hair color?,Crinus Muto
What animal did Neville Longbottom lose on the Hogwarts Express?,Toad
What colour does the presence of a ghost turn flames?,Blue
This one's a piece of cake. Name a magical plant whose roots can be used in many potions.,Valerian
How does Dumbledore escape from his office when the Ministry of Magic comes to take him to Azkaban?,"He grabs Fawkes’s tail, and they disappear in a flash of fire."
Quidditch players are constantly at risk of injury throughout the game. How many possible Quidditch fouls are there?,700.
"What was the name of the house where the Weasleys once lived, which became a second home to Harry Potter?",The Burrow
What did Harry do to get him temporarily expelled from Hogwarts?,He chases away dementors
What is the Fwooper plumage used as?,A quill
In what year was the book Harry Potter and the Sorcerer’s Stone released in the United States?,1998
What do Switching Spells do?,Swap Objects for Each Other
Which finger was Peter Pettigrew missing?,Right index finger
Dumbledore has a scar above his left knee that is a perfect map of what?,The London Underground
What can cause a person's patronus to change?,Major life events
What do you feed a newly-hatched dragon?,Brandy and chicken blood
Who wrote The Owl Airforce: True Life Tales of War in Europe?,Simon Dentata
How do first years get from the Hogsmeade train station to the castle?,They take boats over the lake.
What are switching spells?,Simultaneous Transfigurations
What was the name of the Quidditch team on the sock Mrs. Weasley tries to give to Harry?,Puddlemere United
This one is a doozy. Name every ingredient contained in Polyjuice Potion. (Hint: There are seven.),"Lacewing flies, leeches, powdered Bicorn horn, knotgrass, fluxweed, shredded Boomslang skin, and a bit of the person you want to turn into."
On which day do some staircases in Hogwarts Castle lead to somewhere different?,Friday
Touching the trunk of a Wiggentree protects you from what?,Dark Creatures
Myomancy involves observation of which creatures?,Mice and rats
When was dragon-breeding outlawed?,Warlocks' Convention of 1709
What do I hate most of all?,Myths and Legends
"You may have heard that Luna Lovegood wears shoes to bed, but does anyone know the reason?",She sleepwalks
What's another name for Belladonna?,Deadly Nightshade
Many know that Gryffindor's ghost is Nearly Headless Nick. But what is his full name?,Sir Nicholas de Mimsy-Porpington.
What kind of pest repellant was Hagrid looking for when saw Harry in Knockturn Alley?,Flesh-Eating Slugs
What is the incantation for the tongue-tying curse?,Mimblewimble.
Who slayed Bellatrix Lestrange?,Molly Weasley
"In the book version of Harry Potter and the Half-Blood Prince, who finds Harry on the Hogwarts Express after Malfoy breaks his nose and leaves him under the Invisibility Cloak?",Tonks
What were the wizards who cooperated with the Muggles called?,Scourers.
Which room did the members of Dumbledore's Army use as a hideout?,The Room of Requirement
When was Quidditch invented?,1050 AD
What spellbook contains the Leg-Locker Curse?,Curses and Counter-Curses
Who is Harry's godfather?,Sirius Black
What does Ginny say Ron has a tattoo of?,A Pygmy Puff
What form does Snape's patronus take?,Doe
What's the name of the joke shop in Hogsmeade?,Zonko's
What subject foes Headmistress McGonagall teach?,Transfiguration
"What is the name of the Hogwarts house known for its ambition, cunning, and resourcefulness?",Slytherin
What year do Hogwarts students take O.W.L.s?,Fifth year
What family does Winky the house-elf belong to before working at Hogwarts?,The Crouch family
What non-human species practices Divination?,Centaurs
What differentiates Knarls from hedgehogs?,Their suspicious nature
Which Ghost haunts the Girls' Bathroom at Hogwarts?,"""Moaning"" Myrtle Warren"
"Who is NOT in Slytherin: Lavender Brown, Pansy Parkinson, Blaise Zabini, or Gregory Goyle?",Lavender Brown
What are Nettles known for?,Stinging Hairs
What does Harry do to impress Professor McGonagall enough that she gets him on the Gryffindor Quidditch team?,Catches Neville Longbottom’s Remembrall
Who is Harry Potter's godfather?,Sirius Black
What is the effect of Wideye Potion?,Keeps you awake
When did Godric's fellow founders and Godric found Hogwarts?,10th Century
Remus Lupin was known to his friends by what nickname?,Moony
What is the best way to extract juice from the Sopophorous Bean?,Crush it
What do aurors do?,Catch dark wizards.
Which clause in the Code of Wand Use prohibits non-humans from using wands?,Clause Three
Which of the following reptile's blood is used for Wiggenweld Potion?,Salamander
Who is the Charms professor?,Professor Flitwick
Which trait did Helga Hufflepuff value the most?,Loyalty
The Vermillious charm produces what colour sparks?,Red
Where is the best place to buy flesh-eating slug repellent?,Diagon Alley
Porlocks guard herds of what non-magical creatures?,Horses
What is the primary use of the charm Scourgify?,Cleaning
What's the most unfun job at Hogwarts?,Caretaker
What is the primary use of Murtlap essence?,Soothing wounds
Which species commandeered the Giant Wars?,Giants
What plant helps you breathe underwater?,Gillyweed
Which sub-branch of Transfiguration is considered to be the most difficult?,Human Transfiguration
Who's the best person to tease?,Argus Filch
What creature was the Golden Snitch invented to replace?,Golden Snidget
Who was the first witch or wizard to hatch a basilisk?,Herpo the Foul
"What kind of creature is Newt's companion, Pickett?",Bowtruckle
How old are students when they first attend Hogwarts?,11-years-old
What is the incantation for the Shield Charm?,Protego
Where did Emeric the Evil spend most of his life?,England
Which Quidditch team only has female players?,Holyhead Harpies
The Pack Charm is what type of charm?,Household Charm
Which incantation can levitate an object?,Wingardium Leviosa
Who killed Sirius Black?,Bellatrix Lestrange
Where did Dumbledore and Grindelwald make the Blood Pact?,Barn
Which is not a form of dance?,Staccato
What does the Draught Charm cause?,Dryness
Which of the following is NOT another name for Belladonna?,Flitterbloom
What replaced the Wizards' Council?,The Ministry of Magic.
Which skill is most useful for surfing loops?,Balance.
What potion is used to rid yourself of Doxies?,Doxycide
What makes magical photographs move?,Developing solution
Who was the Journalist at The Daily Prophet in the Harry Potter series?,Rita Skeeter
Who was Harry Potter's godfather?,Sirius Black
Which of these is not a species of dragon?,Finnish Flamethrower
What makes a transformation easier?,Similarity in appearance
What spell unmasked Gellert Grindelwald in 1926?,Revelio
"Who is NOT in Gryffindor: Harry Potter, Ron Weasley, Draco Malfoy, or Ginny Weasley?",Draco Malfoy
What was the name of the person who was the original owner of the Elder Wand?,Antioch Peverell
Can Ascendio be used underwater?,"Yes, it can"
"When Neville Longbottom dresses his Boggart (Professor Snape) up in his grandmother’s clothes, what stuffed bird is on top of the hat?",A vulture
What is the name of Filch's cat?,Mrs. Norris
What children's book contains the story of the Deathly Hallows?,The Tales of Beedle the Bard
"In Book 7, what three Ministry of Magic employees do Ron, Harry, and Hermione impersonate?","Mafalda Hopkirk, Reginald Cattermole, and Albert Runcorn."
Who is Harry's first crush?,Cho Chang
"Dittany, mixed with this ingredient, can cure a Werewolf bite.",Powdered Silver
Who left the lightning-shaped scar on Harry Potter's forehead?,Voldemort
Did the werewolf code of conduct work?,No
What happens when you touch a Wiggentree?,Protection from Dark Creatures
How many students sleep in each dormitory?,5
Bowtruckles are especially fond of what tree?,Wiggentrees
Which plant's pus clears up acne?,Bubotuber
What is Salazar Slytherin's signature item?,Locket
Who teaches Potions class this year?,Professor Horace Slughorn
This real-life library served as the restricted section of the Hogwarts library in the film version. Which is it?,The Bodleian Library at Oxford University
Acromantula is the name for a giant version of what creature?,Spider
What is the incantation of the scrubbing spell?,Scourgify
"In the Chamber of Secrets, the tears of the Phoenix cured the Poison of what creature?",Basilisk
"In Book 4, what magical creature does Harry answer a riddle from in the maze during the Triwizard Tournament?",A sphinx.
How was Hermione able to take extra lessons?,She used a time-turner
What is the name of the Weasley family home?,The Burrow
How do fairies communicate?,By buzzing.
What school-aged peer is Harry's nemesis throughout his time at Hogwarts?,Draco Malfoy.
What ingredient from the Potions Storeroom did Snape ask you to retrieve in order to restore House Points?,Pickled Slugs
What does the spell Accio do?,Summons objects
"Before Dumbledore, who was the Headmaster of Hogwarts?",Armando Dippet
"When Harry was learning the Patronus Charm, what happy memory did he initially use?",The first time he rode a broom
"In Harry Potter and the Prisoner of Azkaban, whose portrait replaces the Fat Lady after she is attacked?",Sir Cadogan
Which elective is occasionally offered at Hogwarts?,Alchemy
What is Harry's middle name?,James
"On the wall across from the Room of Requirement, there is a tapestry showing a wizard trying to teach trolls ballet. What's his name?",Barnabus the Barmy.
What did Professor Snape tell Harry could Detoxify people from most kinds of poisons?,Bezoar
"If I wanted to use an Ageing Potion to make myself significantly older, what would I do?",Drink a Bigger Quantity
Which plant produces stinking sap?,Mimbulus Mimbletonia
Where is the entrance to St. Mungos located?,Muggle London
What is the counter-charm to Colloportus?,Alohomora
What incantation marks the air with a burning trail?,Flagrate
Bowling dates to what ancient civilization?,Ancient Egypt
What magazine does Xenophilius Lovegood publish?,The Quibbler
Why do Ron Weasley and Hermione Granger stop speaking?,"Ron blames Hermione’s cat, Crookshanks, for the disappearance of his pet rat, Scabbers."
When was the Werewolf Code of Conduct developed?,1637
What lives in the Forbidden Forest?,Intelligent wolves
At what age do children receive their Hogwarts letter?,11
Who founded St Mungo's Hospital?,Mungo Bonham
What does Harry do with his winnings from the Triwizard Tournament?,Gives it to the Weasley Twins
What do Uncle Vernon and Aunt Petunia give Harry for Christmas?,A 50-pence piece
What is the name of the place where students buy their school supplies?,Diagon Alley
Who created the International Statute of Wizarding Secrecy?,International Confederation of Wizards
Who is Dobby's original owner?,Lucius Malfoy
"What is Fred Weasley’s chosen code name on Potterwatch, the secretive radio programme set up by the Order of the Phoenix?",Rapier.
"When Hermione Granger is found Petrified, she is not alone. Who is with her?",Penelope Clearwater
Which of the following creatures eat Fairy Eggs?,Bowtruckles
Which member of the Council became the first Minister of Magic?,Ulick Gamp
What does Cave Inimicum do?,Conceals presences
What is the use of a draught of peace?,Calming the drinker
Which insect is Ron afraid of?,Spiders
"Which of these spells is most similar to Flipendo, the Knockback Jinx?",Depulso
Which condition could be remedied by a Calming Draught?,Shock
What is Godric Gryffindor's signature item?,Sword
What does Colovaria do?,Change Something's Colour
Who wrote Fantastic Beasts and Where to Find Them?,Newt Scamander
When does Quidditch season begin?,A September
How many possible Quidditch fouls are there?,700
What office does Arthur Weasley work for in the Ministry of Magic?,The Misuse of Muggle Artefacts Office
Where was the first meeting of Dumbledore's Army?,Hog's Head Inn
What do Flobberworms eat?,Lettuce
What is Snape's birthday?,"Jan. 9, 1960"
Which spell is one of the Unforgivable Curses?,Crucio
What is at the base of the Whomping Willow?,A tunnel that leads to the Shrieking Shack.
What is the name of the spell used to conjure the Patronus Charm?,Expecto Patronum
How old is Professor Snape?,About 30
"In the book, where do Hermione Granger’s parents move to?",Australia
Who is the Headmaster of Hogwarts when Harry arrives?,Albus Dumbledore.
What makes the Manticore's tail so dangerous?,Its deadly sting
Harry uses Parseltongue to speak to which creatures?,Snake
Who guards the entrance to the Gryffindor common room?,The Fat Lady
Which of the following Charms did we learn in the first year?,Knockback Jinx
Which of these factors does not affect Transfiguration?,Hue
Why shouldn't you drop Puffapod beans?,They'll bloom
What is Bubotuber pus used for?,Clearing up acne
Where is the best place to buy flesh-eating repellent?,Knockturn Alley
Which of these being does not live on the Hogwarts grounds?,Goblins
What's the only exciting part of my class?,Entrance Through the Blackboard
What is arithmancy?,Numerology
How do you get into the Room of Requirement?,"While thinking about what you need the room to become, walk past where it should be three times."
Does Blue Sparks do any damage when cast on people?,It only hurts a little.
What is another name for Defodio?,Gouging Spell
What item in the Headmaster's Office allows you to review bottled memories?,The Pensieve.
Where do Glumbubles nest?,Dark and secluded places.
What is the correct way to open the Monster Book of Monsters?,Stroke the spine
What are the gemstones in the cursed necklace Draco Malfoy buys from Borgin and Burkes?,Opals
And where do the Weasleys go on holiday with their winnings?,Egypt
What is the primary ingredient in Polyjuice Potion?,A piece of the person you want to turn into
What magical plant appears to have floating fruit?,Dirigible Plum
What is Dean Thomas's favorite sport?,Football (soccer)
What is the correct birth order of the Weasley children?,"Bill, Charlie, Percy, Fred and George, Ron, Ginny"
Who is Harry Potter's godfather?,Sirius Black.
What can't the Blackboard Writing Spell create on a blackboard?,Music scores.
What is Voldemort's real name?,Tom Marvolo Riddle
"For Harry's 17th birthday, what color did Hermione turn the leaves of the Weasleys’ crabapple tree?",Gold
Which spell causes objects to swell in size?,Engorgio
What is the putrid green fluid produced by the mimbulus mumbletonia?,Stinksap
Which of the following is NOT an ingredient in the Antidote to Common Potions?,Red Myrrh
What does the spell Colloportus do?,Lock and seal doors
What is the name of the Weasley twins’ magic joke shop?,Weasleys’ Wizard Wheezes
The Muffliato Charm fills its targets' ears with what?,Unidentifiable Buzzing
What did Hermione say Ron has the emotional range of?,A teaspoon
What was the name of the wizard who created the Sorcerer's Stone?,Nicolas Flamel
What was the name of the Potters' house-elf?,Kreacher
Is it safe to eat mistletoe berries?,"No, they're poisonous."
"In the book, what sport has Dudley recently taken up?",Boxing
What name does Buckbeak get after being saved from execution?,Witherwings
What are the optimal growing conditions for Devil's Snare?,Dark and damp
What event followed the Soap Blizzard of 1378?,Economic Crash
What was the name of Sirius Black's furry alter ego?,Padfoot
Who does Harry encounter in the Prefect's bathroom?,Moaning Myrtle
What is Gilderoy Lockhart’s favorite color?,Lilac
What sweet causes hiccups?,Hiccough Sweet
What is a healing spell commonly used in the Hospital Wing?,Episkey
Who is the house ghost of Hufflepuff?,The Fat Friar
How much gold do the Weasleys win in the Daily Prophet Grand Prize Galleon Draw?,700 galleons
How often do the flowers of the Fluttery Bush Bloom?,Once per century
What causes the nightly movement of the stars across the sky?,The rotation of the Earth.
On what date did the Battle of Hogwarts end with Voldemort’s death?,"May 2, 1998"
What is the name of Fred and George Weasley’s shop?,Weasley’s Wizard Wheezes
"Throughout his school years, Harry owns two brooms. Which are they?",Nimbus 2000 and Firebolt
What is the shape of the knocker on the door to the Ravenclaw Common Room?,Eagle
"In the movie, who hugs Draco Malfoy?",Voldemort (and it’s super awkward)
Where do first-years have Herbology class?,Greenhouse One
Which wand wood is considered unlucky?,Elder
Who is the autor of 'Beginners Guide to Transfigurations'?,Emeric Switch
What is Lily Potter's birthday?,"Jan. 30, 1960"
What type of creature is Fluffy?,A three-headed dog
What does Professor Vector Teach?,Arithmancy.
Which of these plants has healing properties?,Dittany
Do ancient runes have magical properties themselves?,"No, they don't."
Wiggentrees are guarded by what creature?,Bowtruckle
What house was Moaning Myrtle sorted into?,Ravenclaw
Who is the Transfiguration Professor?,Minerva McGonagall
Where is the entrance to the Chamber of Secrets hidden?,The girls' bathroom
Who invented Sleakeazy's Hair Potion?,Fleamont Potter
"In the book, who becomes the temporary guard to the Gryffindor common room after the Fat Lady’s painting is damaged?",Sir Cadogan
Which four characters hold the position of Minister of Magic throughout the books?,"Cornelius Fudge, Rufus Scrimgeour, Pius Thicknesse and Kingsley Shacklebolt"
Which of these plants doesn't bite?,Whomping Willow
What spell turns an object into stone?,Duro
Name the Defense Against the Dark Arts teachers during Harry's six years at Hogwarts.,"Professor Quirinus Quirrell, Professor Gilderoy Lockhart, Professor Remus Lupin, Barty Crouch Jr. in disguise as Professor Mad-Eye Moody, Professor Dolores Umbridge, Professor Severus Snape."
Hermione discovered that the Basilisk was moving around the castle using what?,The Plumbing
What's the address of the Black family home?,12 Grimmauld Place
The wizarding version of marbles is called what?,Gobstones.
"In the wizarding world, speaking to snakes is a skill called what; famously practiced by who?","Parseltongue, Lord Voldemort."
What does the Trip Jinx cause its victim to do?,Fall Over
Emeric the Evil was killed in a duel against whom?,Egbert the Egregious
What is a potion that cause boils of brewed incorrectly?,Cure for Boils
What would Peevsey do at the International Warlock Convention?,Wreak havoc
Ron was jealous because Hermione went to the Yule Ball with whom?,Viktor Krum
What creature tries to eat Harry in the lake during the Triwizard Tournament?,Merpeople
Switching spells simultaneously transfigure how many objects?,Two
One's defences against the Dark Arts must be what?,Versatile
What is the branch of magic that deals with altering the form or appearance of an object?,Transfiguration
Hermione places a jinx on the piece of parchment members of Dumbledore’s Army sign. What happens to those who betray the group?,Pustules will form the word sneak across their foreheads.
From which London station does the Hogwarts Express depart?,King's Cross Station
"For Harry's 17th birthday, what colour did Hermione turn the leaves of the Weasley’s crabapple tree?",Gold.
Why did Hermione miss the lesson on Cheering Charms?,Draco's cruel behavior led her to miss the class.
Which potion would make Rowan feel better?,Pepperup Potion.
How long should a Polyjuice Potion stew before usage?,One Month
Which of these plants is a Class C non-traceable substance?,Venomous Tentacula
What is Draco Malfoy’s mother’s name?,Narcissa
What spell did I create with Badeea?,Flipendo Maxima.
What book did Beedle the Bard write?,The Tales of Beedle the Bard
Which Wizard used the Tarantallegra spell in 79 AD to conjure a dance within Mt. Vesuvius?,Zaccaria Innocenti
Who was in love with Helena Ravenclaw?,The Bloody Baron
What barrel do you need to tap to enter the Hufflepuff common room?,"Two from the Bottom, Middle of the Second Row"
What day did James and Lily Potter die?,Oct. 31
Where did Harry Potter live with his muggle relatives the Dursleys?,Privet Drive
What ingredients 'seal' a werewolf bite?,Silver and Dittany
Who makes laws for the magical world?,The Ministry of Magic.
What is true about gerbils?,They like to burrow
Which spell would you use to tame Devil's Snare?,Incendio
What is Draco Malfoy's wand made of?,Hawthorne
What is the name of the gamekeeper and Care of Magical Creatures professor during Harry's first year at Hogwarts?,Rubeus Hagrid
When is Harry's birthday?,"July 31, 1980."
What does the number 14 reduce to?,Five
What is the effect of the Stupefy spell?,Stun you
How would you describe a Pixie's voice?,Shrill
Which is a possible side effect of Pepperup Potions?,Steam Coming Out of Ears
What does Reparifarge do?,Undo Transfigurations
Which witch created the cure for dragon pox?,Gunhilda de Gorsemoor
What is the side effect of Petrificus Totalus?,Stiffened Limbs
An Infusion of Wormwood is NOT an ingredient in which of these potions?,Beautification Potion
Who plays Professor Dumbledore in this and the subsequent Harry Potter movies?,Michael Gambon
What is the purpose of the spell Finite Incantatem?,Stop spells
Which creature is known to steal things?,Niffler
"During the Quidditch game between Gryffindor and Hufflepuff, who is the Hufflepuff seeker?","Cedric Diggory (unnamed in the movie, but not in the book)"
What did you find in the buried Cursed Vault?,A Merperson's Trident
How many Horcruxes have been destroyed at the end of this story?,Two: the diary and the ring
What is the Patronus of Severus Snape?,Doe
What is the maiden name of sisters Lily Potter and Petunia Dursley?,Evans
Who destroyed the Horcrux in Helga Hufflpuff's Cup?,Hermione Granger
How many times did Gilderoy Lockhart win Witch Weekly's Most Charming Smile Award?,Five
Who killed the Grey Lady?,The Bloody Baron
Which of these best describes Slytherin House?,Resourceful
Transfiguration students practise turning what insect into buttons?,Bettle
Which of Harry’s acquaintances reveals that he doesn’t believe Harry’s story about Voldemort being back?,Seamus Finnigan (who eventually comes around)
Who is the potions professor at Hogwarts?,Severus Snape
Who lead the Gargoyle Strike?,A group of wildcat Gargoyles.
What makes the Moon so bright in the night sky?,It reflects light from the Sun.
What did Dumbledore bequeath to Ron?,Deluminator
What is used to track House Points for the Hogwarts House Cup?,Hourglass filled with gems.
What did Dumbledore leave for Ron in his will?,Deluminator
Which incantation banishes an object?,Depulso
What is the counter-charm to Lumos?,Nox
What classification does the Ministry apply to Dementors?,Non-Being
Which of these spells does not make something smaller?,Reducto
What is the full name of Nearly Headless Nick?,Sir Nicholas de Mimsy-Porpington
Which of these birds is a relative of the rook?,Ravens
Which one of this spell is used to transfigure and object into a rabbit?,Lapifors
What is the name of the British Ministry of Magic's high court of law and parliament?,Wizengamot
What is the name of the couple that attends dinner at the Dursley's when Dobby shows up to stop Harry from returning to Hogwarts?,Mr. and Mrs. Mason
What's the name of the school newspaper at Hogwarts?,The Daily Prophet
What is the name of the school newspaper at Hogwarts?,The Daily Prophet
Who can master a wand with a Thestral tail hair core?,One who has faced death
In what year was Gringotts Wizarding Bank founded?,1474
In which scenario would you use Cistem Aperio?,To Open a Chest
What is the American term for Muggles?,No-Majs.
Who is Neville Longbottom's father?,Frank Longbottom
What is the name of the pub at the entrance to Diagon Alley?,The Leaky Cauldron.
Who is the first person to ever successfully break into Gringotts?,Quirinus Quirrell
Where do Harry Potter and Cho Chang have their first kiss?,In the Room of Requirement
What spell wards off spiders?,Arania Exumai
What does the Knitting Charm enchant?,The knitting needles.
What trait did Godric Gryffindor value most in a student?,Courage
What did Sirius Black’s mother do to his name on the Black family tapestry?,Burned it away
Who wrote 'Advanced Potion Making'?,Libatius Borage
Who are the Chasers on the Gryffindor Quidditch team when Harry joins?,"Alicia Spinnet, Angelina Johnson, and Katie Bell"
What did Ginny name her two pets?,Pigwidgeon and Arnold
Voldemort stole Helga Hufflepuff's cup from an old woman named Hepzibah Smith. What was the name of her house-elf?,Hokey
Which of these is not a type of concealment charm?,Confundus Charm
"In Book 4, which two teams compete for the Quidditch World Cup?",Bulgaria and Ireland.
Which puffy plant produces instantly-blooming beans?,Puffapods
What colour is Garrotting Gas?,It's colourless.
Where is the Hufflepuff common room?,By the kitchens
What Hogwarts house was Uric the Oddball in?,Ravenclaw
Regerminating Potions work wonders on which of the following?,Dead plants.
When was the first full description of the game of Quidditch written?,1398
How does fireproof potion taste?,Icy
Who is the Flying instructor?,Madam Hooch
What form does the Weasley Twins' Patronus take?,Magpie
Why did the Werewolf Code of Conduct fail?,No werewolves signed it.
Who is the students' favourite person to prank?,Filch
Which of these words best describes Slytherin House?,Resourceful
"What is the name of the popular, sweet drink usually served in Hogsmeade?",Butterbeer.
What is a secret keeper?,A person entrusted with a secret
Which Hogwarts house does Luna Lovegood belong to?,Ravenclaw
What spell does Hermione use to fix Harry's glasses in the Sorcerer's Stone?,Oculus Reparo
What class does Professor McGonagall teach?,Transfiguration
Who infected Remus Lupin with Lycanthropy?,Fenrir Greyback
Who is the gamekeeper of Hogwarts?,Ruberus Hagrid
When is Harry's birthday?,July 31
What is taught in this class?,Subtle science
What kind of magical creature is Aragog?,Acromantula
What is one of the creatures that lives in the lake at Hogwarts?,Merpeople
What is linked to the 14th century?,The growth of Gringotts
Where in Kings Cross Station does the Hogwarts Express stop?,Platform 9 and ¾.
What did Salazar Slytherin value most in a student?,Cunning
Which ingredient does Snape make us crush in a Wideye Potion?,Snake Fangs
It's considered good omen if a bird is flying in which direction?,East
What color is the potion for dreamless sleep?,Purple
Which dragon is not native to Britain?,Chinese Fireball
What is the British term for a nonmagical person?,Muggle
What is the name of the three-headed dog that guards the trapdoor in the Sorcerer's Stone?,Fluffy
When did Rowena Ravenclaw's fellow Founders and her found Hogwarts?,10th Century
Who is the author of 'Moste Potente Potions'?,Phineas Bourne
What was the Fat Lady’s password to get into the Gryffindor common room?,Caput Draconis
"Harry, Ron, and Hermione help save the Sorcerer's Stone from being stolen. How old was its co-creator, Nicholas Flamel, when he decided to destroy it?",665.
In which of these scenarios would you use the Muffliato Charm?,Preventing Eavesdropping
Name at least two Hogwarts electives.,"Arithmancy, Care of Magical Creatures, Divination, Muggle Studies, or the Study of Ancient Runes."
What is the name of the Apparition instructor who comes to Hogwarts in Harry’s sixth year?,Wilkie Twycross.
What is Luna Lovegood's father's name?,Xenophilius Lovegood.
Which of these spells is not a charm?,Geminio
Which of these spells is not a Transfiguration spell?,Confundo
What position does Harry play on the Gryffindor Quidditch team?,Seeker.
"Will you serve the great nation of Peevesland, soldier?","Sir, yes, sir!"
Which of these plants are prone to slapping people in the face?,Bouncing Bulbs
What form of magical transportation is illegal?,Flying carpets
What type of potion does Golpalott's Third Law pertain to?,Antidotes
Who is the founder of the Slytherin house?,Salazar Slytherin
What does Professor Kettleburn wish to do after retiring from Hogwarts?,Enjoy more time with his remaining limbs
